,Cubic,Orthorhombic,Trigonal,Tetragonal,Monoclinic,Hexagonal,Triclinic
Logistic Regression,66.5719696969697,65.53030303030303,66.38257575757575,82.57575757575758,83.33333333333334,86.83712121212122,87.97348484848484
Naive Bayes,66.66666666666666,65.15151515151516,59.28030303030303,80.77651515151516,79.0719696969697,87.87878787878788,84.6590909090909
K-Nearest Neighbors,78.03030303030303,77.93560606060606,82.29166666666666,92.61363636363636,91.95075757575758,95.9280303030303,94.50757575757575
Decision Tree,81.06060606060606,75.9469696969697,87.97348484848484,94.50757575757575,96.49621212121212,97.53787878787878,97.53787878787878
Random Forest,85.13257575757575,84.56439393939394,92.8030303030303,97.25378787878788,97.72727272727273,98.95833333333334,98.20075757575758
Extra Trees,85.79545454545455,85.70075757575758,92.8030303030303,96.875,97.63257575757575,99.0530303030303,98.39015151515152
AdaBoost,79.26136363636364,78.21969696969697,87.7840909090909,95.17045454545455,96.21212121212122,98.39015151515152,97.25378787878788
Gradient Boosting,79.54545454545455,78.69318181818183,84.28030303030303,94.12878787878788,94.6969696969697,97.25378787878788,96.78030303030303
XGBoost,84.6590909090909,83.71212121212122,93.08712121212122,97.06439393939394,97.44318181818183,98.57954545454545,98.29545454545455
LightGBM,85.60606060606061,84.28030303030303,92.04545454545455,96.96969696969697,96.96969696969697,98.57954545454545,98.01136363636364
Support Vector Machine,78.88257575757575,78.59848484848484,87.2159090909091,95.07575757575758,95.73863636363636,98.20075757575758,98.10606060606061
Neural Network,82.00757575757575,81.06060606060606,87.40530303030303,96.11742424242425,95.73863636363636,98.10606060606061,97.53787878787878
