model,accuracy,f1_macro,precision_macro,recall_macro,roc_auc,fit_time,predict_time,run,seed
Logistic Regression,0.3660436137071651,0.24436459097425337,0.25340872847993934,0.4215050640841486,0.7607007414821597,3.610189137980342,0.0022614459739997983,0,42
Naive Bayes,0.32710280373831774,0.19547629515870155,0.21203054349465875,0.3236477805949282,0.7148012013041558,0.008354954014066607,0.0029861890361644328,0,42
K-Nearest Neighbors,0.4781931464174455,0.20285682036463615,0.2056711159416724,0.21187939588937335,0.5874129205355823,1.6011246220441535,0.06422919000033289,0,42
Decision Tree,0.5109034267912772,0.22944265885986387,0.2248825171813146,0.24275622779709854,0.5688101972888181,2.907522933965083,0.002092282986268401,0,42
Random Forest,0.5771028037383178,0.23875664103331037,0.2398890127871673,0.23958363809447314,0.7540439714051568,66.5259439899819,0.22963151603471488,0,42
Extra Trees,0.5763239875389408,0.23863572656070153,0.23951746900930201,0.24020638492021124,0.5964621740328904,9.273425160034094,0.17493234400171787,0,42
AdaBoost,0.43302180685358255,0.27142398221450814,0.273604949794878,0.4106531009652957,0.7861978342025159,38.440033659979235,0.07070208998629823,0,42
Gradient Boosting,0.5942367601246106,0.28878699415245634,0.2803142209264658,0.3118269646126314,0.8175018372275736,310.58258612500504,0.05227573402225971,0,42
XGBoost,0.5942367601246106,0.31410640029532466,0.30209641557368405,0.36043271580691955,0.8300784645975857,6.9724626549868844,0.031428112008143216,0,42
LightGBM,0.589563862928349,0.25507035586911375,0.2552119340087747,0.2575917183518704,0.8089263630465258,9.557091206952464,0.2088258260046132,0,42
Support Vector Machine,0.530373831775701,0.29508543072439936,0.28638077159454056,0.3710425468707124,0.7635187624120626,97.24689861701336,1.5945342400227673,0,42
Neural Network,0.5529595015576324,0.26156102821149335,0.25783618414551995,0.289555780349207,0.816901066186713,44.47960018902086,0.003613435022998601,0,42
Logistic Regression,0.34813084112149534,0.22187805274288208,0.2390531309050545,0.3647298247892233,0.7393231719027344,2.956407436984591,0.0032915310002863407,1,43
Naive Bayes,0.3372274143302181,0.2067053485669136,0.22153071464153082,0.3254955279699011,0.7273548514439072,0.023351069015916437,0.006010228011291474,1,43
K-Nearest Neighbors,0.5085669781931464,0.21137462050191927,0.21445611403058212,0.2162931875162934,0.5752423822627419,0.011892944050487131,0.3190258960239589,1,43
Decision Tree,0.5210280373831776,0.2235596917418547,0.2225092399486995,0.22795953770248048,0.5616954687805231,0.5776233819779009,0.00423005101038143,1,43
Random Forest,0.6004672897196262,0.26423736609820786,0.2629354400322075,0.2670120749080609,0.7695838723487061,26.135787684994284,0.24662114202510566,1,43
Extra Trees,0.5965732087227414,0.24852768651961007,0.2493686619893911,0.24913478528140479,0.6119287940222823,6.846618017007131,0.21410743001615629,1,43
AdaBoost,0.45093457943925236,0.27320010365913555,0.2727483254992146,0.38910559957751606,0.7877389753110985,25.83986335201189,0.07748777203960344,1,43
Gradient Boosting,0.602803738317757,0.3139420326723969,0.30431258331818956,0.33477401404669577,0.8215022484680773,174.86066017701523,0.052903449977748096,1,43
XGBoost,0.5950155763239875,0.327421731919257,0.30981845193667856,0.3768793686025524,0.8274430329493624,4.584156638011336,0.041448341973591596,1,43
LightGBM,0.6113707165109035,0.27014288669840136,0.27039507208188207,0.27040434031171623,0.8237809540278734,5.857727646944113,0.2721043489873409,1,43
Support Vector Machine,0.5537383177570093,0.3169674970237642,0.3014827249964082,0.4033242330619157,0.7673816486878844,43.111700934998225,1.647550728986971,1,43
Neural Network,0.5786604361370716,0.2864669928031809,0.2759404295807017,0.3156801044231657,0.8179124342464199,24.71087395696668,0.0045329799759201705,1,43
Logistic Regression,0.3582554517133956,0.24903720304914995,0.258276534704391,0.4482837051360934,0.7536049887135885,2.1484655129606836,0.0032516749924980104,2,44
Naive Bayes,0.3590342679127726,0.22019808542359348,0.22747861247381532,0.3652609606612199,0.7273993120661609,0.011220711981877685,0.004018759005703032,2,44
K-Nearest Neighbors,0.5210280373831776,0.2330178716699241,0.23287253695140672,0.2452713856261703,0.5862925020263787,0.012612746970262378,0.22546594397863373,2,44
Decision Tree,0.5428348909657321,0.2509184248572007,0.24524987070394452,0.26426885522830185,0.5830693791206668,0.7270314120105468,0.004477524023968726,2,44
Random Forest,0.6207165109034268,0.28682855273828556,0.2875821080478365,0.2895878934392267,0.7821054095151122,26.44623311504256,0.24439765902934596,2,44
Extra Trees,0.6160436137071651,0.2712690299017527,0.2742082025454619,0.2706924555578147,0.6188781650489287,6.613131157006137,0.220431637018919,2,44
AdaBoost,0.4462616822429907,0.2807630263049355,0.28130104655442534,0.44063716126385283,0.7778028172744096,25.23151864000829,0.0788577560451813,2,44
Gradient Boosting,0.6105919003115264,0.3135551267146255,0.3043629504663559,0.34200687571916516,0.8322185755581275,176.66998843598412,0.05330112803494558,2,44
XGBoost,0.618380062305296,0.35220686319314354,0.33322386720418845,0.4181362191688658,0.8394854038636816,4.9166776849888265,0.07074256095802411,2,44
LightGBM,0.6144859813084113,0.2667041236291688,0.26994922066090066,0.2645322542118607,0.8299810804954391,5.516910028003622,0.26368183799786493,2,44
Support Vector Machine,0.557632398753894,0.32324931105374777,0.30982573258692664,0.4179195772026027,0.7668414474725012,43.230575108958874,1.5896679169964045,2,44
Neural Network,0.5950155763239875,0.3014965857004606,0.2907598311270915,0.32950266760160174,0.8204555762453849,34.111009267973714,0.003915180976036936,2,44
Logistic Regression,0.338006230529595,0.2310560388005673,0.24340178398030354,0.41936419468125286,0.7598560694239624,3.098223761015106,0.002930112008471042,3,45
Naive Bayes,0.34890965732087226,0.2166607466796376,0.22399028684126449,0.3783912543919538,0.7288516132852799,0.01323946297634393,0.004209512029774487,3,45
K-Nearest Neighbors,0.4898753894080997,0.22799410204061976,0.2249884271921648,0.2494361689191354,0.6062179917206784,0.014130013005342335,0.35518410202348605,3,45
Decision Tree,0.5186915887850467,0.2184990518543891,0.2146703597229284,0.22938202906760094,0.5626889993332147,0.7124497670447454,0.0034869139781221747,3,45
Random Forest,0.6035825545171339,0.2840439370680249,0.2821158637066704,0.2929587477839953,0.7848874201662416,25.218897436046973,0.2545737770269625,3,45
Extra Trees,0.5848909657320872,0.2720481935939237,0.2702355975590193,0.2831793022605942,0.6286282954338572,6.582380348991137,0.21343271300429478,3,45
AdaBoost,0.4322429906542056,0.2759672914919762,0.27741900655687257,0.43013156025902616,0.7826841886566085,25.951993718044832,0.07575161894783378,3,45
Gradient Boosting,0.6090342679127726,0.33566909061226247,0.32067979052284973,0.37928659795891784,0.8227017163429717,175.5753150759847,0.05336714501027018,3,45
XGBoost,0.5942367601246106,0.36621389423025386,0.33794298259159994,0.4576411662695151,0.8405980407023531,3.9205061009852216,0.03960442298557609,3,45
LightGBM,0.6043613707165109,0.26239983730443717,0.26470664289107454,0.2639555591440446,0.821261179993381,5.381462157005444,0.26425256696529686,3,45
Support Vector Machine,0.5311526479750779,0.3241878092139821,0.3045442468679363,0.44530576562132024,0.787467254137966,46.52116298500914,1.6358669130131602,3,45
Neural Network,0.5693146417445483,0.28801094642896347,0.27810326100014,0.3231972499921988,0.8382089443415791,30.881165510043502,0.0041254020179621875,3,45
Logistic Regression,0.3294392523364486,0.22190951328695924,0.23848818823626372,0.3907610308373262,0.7354687083509983,1.8151543980347924,0.0031607910059392452,4,46
Naive Bayes,0.3341121495327103,0.195558067525867,0.21324333615044555,0.3165248204422228,0.7140941807090108,0.03428400098346174,0.007479040999896824,4,46
K-Nearest Neighbors,0.48598130841121495,0.21564361835655363,0.2169807121807659,0.22859135914535997,0.5902094265204086,0.028165384952444583,0.37310515000717714,4,46
Decision Tree,0.5015576323987538,0.20630242106277996,0.20571497783825587,0.2121391188483786,0.5516720888912346,0.5865612859488465,0.003411540004890412,4,46
Random Forest,0.5786604361370716,0.24709047908808682,0.24777656648604607,0.2531313236333116,0.7387393265904638,26.26212485996075,0.24838726205052808,4,46
Extra Trees,0.588006230529595,0.2561723909241601,0.25780528706006545,0.2642509074966973,0.5997120443436977,6.486036456015427,0.21530925302067772,4,46
AdaBoost,0.4143302180685358,0.25774329297473425,0.2600253352578225,0.4044713108462875,0.7538874682776707,25.276320129982196,0.07857117900857702,4,46
Gradient Boosting,0.588006230529595,0.29296821378002036,0.2847214532179391,0.3278566845784823,0.7927221056715934,173.74157043197192,0.05406966496957466,4,46
XGBoost,0.5887850467289719,0.33060444881084106,0.31295063295789916,0.40916403815285296,0.7962906711646262,4.097854186955374,0.0412607429898344,4,46
LightGBM,0.5817757009345794,0.24370431943652662,0.2459125635723836,0.24429898407667067,0.7998627273220408,5.1332332660094835,0.2737224870361388,4,46
Support Vector Machine,0.5210280373831776,0.2948616302550194,0.284053793772515,0.39756921861879146,0.7463625590049092,44.64922340697376,1.6230567690217867,4,46
Neural Network,0.5420560747663551,0.2853258550189592,0.27678555406630506,0.3314735610994602,0.8143314913144791,28.75182460900396,0.004162452998571098,4,46
Logistic Regression,0.3317757009345794,0.22803057607983004,0.24486796302894312,0.40776308238646897,0.744223832477214,2.1817861450253986,0.0035111799952574074,5,47
Naive Bayes,0.34501557632398755,0.2056519532857461,0.21680642290236338,0.34481631841453214,0.7190909001457166,0.03870631899917498,0.007521121995523572,5,47
K-Nearest Neighbors,0.48286604361370716,0.20828104678863207,0.21079022194481123,0.2194504336295656,0.5787749312119507,0.020210154994856566,0.39021218300331384,5,47
Decision Tree,0.5132398753894081,0.2052835342911112,0.20532577423316448,0.20942180625601448,0.5519479560697554,0.620136525016278,0.003965247015003115,5,47
Random Forest,0.5786604361370716,0.2478157643573465,0.24539035150980518,0.25435384038217224,0.7529724457344644,25.391721028019674,0.2512155389995314,5,47
Extra Trees,0.5887850467289719,0.24062904123081427,0.24104137960283326,0.2426585073940988,0.6061432830368079,6.536273177014664,0.2143967020092532,5,47
AdaBoost,0.4392523364485981,0.27816777852641916,0.28339765290985786,0.41622726955335115,0.786498755568951,25.687637022987474,0.07590234698727727,5,47
Gradient Boosting,0.5825545171339563,0.27547529497539364,0.26808283121434684,0.29647844963839365,0.8055873742281526,176.2884856320452,0.053087020001839846,5,47
XGBoost,0.5848909657320872,0.3190503309940911,0.30217570272181876,0.3769613032297662,0.8273887838840315,4.852658192976378,0.03842746798181906,5,47
LightGBM,0.5872274143302181,0.2452959341861663,0.2456493907131743,0.24619922429864824,0.8110745490217486,5.426427600032184,0.2673599859699607,5,47
Support Vector Machine,0.5218068535825545,0.29864640714330354,0.28910959070392667,0.3920040896647737,0.7656148441457848,42.00961353501771,1.664412414014805,5,47
Neural Network,0.5334890965732088,0.2605697994720896,0.25378958763959786,0.2944905515534107,0.8127588496976157,28.110046938993037,0.004136984993238002,5,47
Logistic Regression,0.3582554517133956,0.24178481929678544,0.2544060793758387,0.4204548363231527,0.7410484561287813,2.6358054440352134,0.003953002975322306,6,48
Naive Bayes,0.3348909657320872,0.20885480297524042,0.22270907048571265,0.34808149300051067,0.7161693431529425,0.029488038970157504,0.008493266999721527,6,48
K-Nearest Neighbors,0.4953271028037383,0.236964894999473,0.2357695577586223,0.2566418893003058,0.6024866222285242,0.02221077203284949,0.3723425749922171,6,48
Decision Tree,0.5194704049844237,0.22789686989559588,0.2251553373027496,0.2381146247985148,0.5662027961699387,0.7599971269955859,0.0041687049670144916,6,48
Random Forest,0.5872274143302181,0.27011192722951416,0.26945178927297914,0.2764775946513353,0.7512710348322349,25.447187689016573,0.250862886023242,6,48
Extra Trees,0.5973520249221184,0.2695651941136511,0.27069980034277064,0.27244485858220197,0.5952981647230958,6.433352784020826,0.21470273501472548,6,48
AdaBoost,0.4322429906542056,0.2795589623954164,0.2779684580427524,0.45219266958444415,0.7738036138256223,25.015577900980134,0.07847735995892435,6,48
Gradient Boosting,0.5919003115264797,0.3147410911739626,0.30421400484544947,0.34631316426792186,0.8201177560268358,175.0842424040311,0.05347136402269825,6,48
XGBoost,0.5926791277258567,0.34116624085024505,0.32160472490076925,0.41877477415957637,0.8270835045062616,4.365624796017073,0.04101256001740694,6,48
LightGBM,0.5919003115264797,0.27099875709986365,0.2727672958427468,0.2731830650432454,0.801615701058384,5.861732028017286,0.2604362550191581,6,48
Support Vector Machine,0.5350467289719626,0.3187269064660048,0.3065448901485868,0.42916005287766107,0.7658315019251151,44.18591074598953,2.3740062069846317,6,48
Neural Network,0.5661993769470405,0.290516095837241,0.2837397715684515,0.32486504008294076,0.8140114860561803,31.269121726974845,0.003984142967965454,6,48
Logistic Regression,0.352803738317757,0.2354472846875927,0.2471972570345943,0.4055594924763238,0.7524079385033859,2.0727436700253747,0.0032874029711820185,7,49
Naive Bayes,0.3395638629283489,0.20493850630432814,0.2185759402341669,0.33759498577377095,0.7115583794885793,0.021643751009833068,0.006511755986139178,7,49
K-Nearest Neighbors,0.5210280373831776,0.24767435482332087,0.24328039186610845,0.26932964536788023,0.5979028007345092,0.027616107021458447,0.4153033419861458,7,49
Decision Tree,0.5225856697819314,0.22784292783903076,0.22382722457985407,0.23866771746581836,0.5670795951896227,0.765885091968812,0.00494169001467526,7,49
Random Forest,0.5965732087227414,0.2587216553761053,0.25766435780286195,0.2632169972546659,0.7534323871708966,25.63867144699907,0.24680259899469092,7,49
Extra Trees,0.5989096573208723,0.2656349097617366,0.2635306837910442,0.2723246440434199,0.6018819536166432,6.54262435605051,0.20997185801388696,7,49
AdaBoost,0.4151090342679128,0.2727189794670166,0.26928493491930056,0.43023013984705677,0.7869008662235686,25.205037167994305,0.07831023097969592,7,49
Gradient Boosting,0.6043613707165109,0.3124813131517769,0.29839889597804437,0.3428629276631972,0.8130584571587783,175.86986508598784,0.05432362999999896,7,49
XGBoost,0.6004672897196262,0.348758928082439,0.32482018054507167,0.4232566946816027,0.8296171813949403,4.943698897026479,0.03860644897213206,7,49
LightGBM,0.6098130841121495,0.2695905728686024,0.2681916639772737,0.2722178798084101,0.8191748002230553,5.539256329007912,0.26136251201387495,7,49
Support Vector Machine,0.5615264797507789,0.3397662699371776,0.3201277726919875,0.447408647571396,0.791070380859141,45.699950738984626,1.6709264239761978,7,49
Neural Network,0.5685358255451713,0.2944487488642498,0.28498320434765556,0.34113100794578227,0.8216438765547565,22.331735278014094,0.004273794998880476,7,49
Logistic Regression,0.34345794392523366,0.23187784566735445,0.24590617301510595,0.4133786107985565,0.7371334590421874,2.492625107988715,0.002957923978101462,8,50
Naive Bayes,0.35046728971962615,0.2146303441321133,0.22602734757011864,0.3698954508951267,0.7148757802883228,0.022655420994851738,0.005188911978621036,8,50
K-Nearest Neighbors,0.5132398753894081,0.22785030188561572,0.22585062676487344,0.23917311836729094,0.5920753250378894,0.021535463980399072,0.2522004090133123,8,50
Decision Tree,0.514018691588785,0.2431633310135725,0.23607770568676237,0.25600542769853013,0.5736122181058354,0.8408060660003684,0.0046950289979577065,8,50
Random Forest,0.5981308411214953,0.2611873942370323,0.2585656188603855,0.2666161515311335,0.7808551018923054,26.033240471966565,0.24482847098261118,8,50
Extra Trees,0.5919003115264797,0.2518498831221983,0.2533062224377411,0.253975852142932,0.5960420750336406,6.621026101987809,0.20187160099158064,8,50
AdaBoost,0.4719626168224299,0.2895776620044747,0.2845509210095841,0.4356181899266292,0.7596987514053434,25.54749936197186,0.07918857701588422,8,50
Gradient Boosting,0.616822429906542,0.3386716055908339,0.31961846156217805,0.38564879874318303,0.8267966486505623,174.66899670602288,0.053257995983585715,8,50
XGBoost,0.6144859813084113,0.34451133373980897,0.3219773682649246,0.410121536900108,0.8317890216497233,4.339788644982036,0.04086401703534648,8,50
LightGBM,0.5973520249221184,0.2647637877354429,0.2649063446251761,0.266647990353619,0.8163349830653898,6.450954952975735,0.24230025697033852,8,50
Support Vector Machine,0.5482866043613707,0.32484420151430904,0.30720333066638217,0.43739274285305685,0.7676719860737108,42.421812238986604,2.3299997550202534,8,50
Neural Network,0.5903426791277259,0.31149169334905363,0.29749285077137466,0.3548966662081548,0.8242320154178567,29.44279419403756,0.003968433011323214,8,50
Logistic Regression,0.32165109034267914,0.20673035278195187,0.23145893249751734,0.3287427786127856,0.7298394300556001,2.467526063963305,0.0030976510024629533,9,51
Naive Bayes,0.3052959501557632,0.18720603230738755,0.20735422987938446,0.31552288755576835,0.699347572811764,0.031022606999613345,0.0063920579850673676,9,51
K-Nearest Neighbors,0.4883177570093458,0.2077356621242002,0.21028496987150516,0.2148146014437947,0.5718055543178752,0.016641505993902683,0.3804338240297511,9,51
Decision Tree,0.5171339563862928,0.20998654951613896,0.20958774153508064,0.21499029078935455,0.5555736395526958,0.7741267489618622,0.004667576984502375,9,51
Random Forest,0.57398753894081,0.23885388291927873,0.2391851339776312,0.23994987341014037,0.7759971933138005,26.342141997010913,0.24364765698555857,9,51
Extra Trees,0.5700934579439252,0.23055973455496165,0.23245179896013776,0.2298149813603026,0.5943460422738499,7.135118261969183,0.20383963698986918,9,51
AdaBoost,0.42289719626168226,0.2799513845345975,0.2729523648068991,0.45180081264350935,0.7799984770732565,25.00573571998393,0.07817669596988708,9,51
Gradient Boosting,0.5950155763239875,0.3089934674996602,0.29929299305153034,0.33968309505874855,0.8067854036744809,175.24661636096425,0.05332798999734223,9,51
XGBoost,0.5623052959501558,0.29044745813666545,0.2789052079158,0.34146755520018945,0.8185401193751581,3.718273931008298,0.039741886022966355,9,51
LightGBM,0.5747663551401869,0.2220035258868262,0.22483775694002966,0.22001483003738856,0.8097978689452517,6.0706886980333365,0.25562794995494187,9,51
Support Vector Machine,0.5186915887850467,0.313869792703201,0.29672798975886205,0.42057643619284757,0.7667708848952861,41.35245817201212,2.2920816309633665,9,51
Neural Network,0.5249221183800623,0.26924637490433273,0.2650347202438039,0.30927765767689525,0.8147145858122286,21.475445076997858,0.004602181958034635,9,51
