model,accuracy_mean,accuracy_std,f1_macro_mean,f1_macro_std,precision_macro_mean,precision_macro_std,recall_macro_mean,recall_macro_std,roc_auc_mean,roc_auc_std,fit_time_mean,fit_time_std,predict_time_mean,predict_time_std
Gradient Boosting,0.5995327102803738,0.010920720103954243,0.30952842303233885,0.01963159149975201,0.2983998185103349,0.016616780194638615,0.34067375722873366,0.02695161673577169,0.8158992123007154,0.01163210119107133,188.85883264350122,42.77756744343693,0.053338512202026324,0.0005689685568980767
LightGBM,0.5962616822429906,0.013450466173757917,0.2570674100714549,0.015821993899008034,0.2582527885313416,0.015335339390051562,0.25790458456374743,0.01669794708043283,0.8141810207199089,0.009665983012931676,6.079548391298158,1.2800110541596057,0.2569674026919529,0.019095967192937845
XGBoost,0.5945482866043614,0.015529524711046128,0.333448763025207,0.021900610148826483,0.3145515534612434,0.017352771795511097,0.3992835372171949,0.034613816477029706,0.8268314224087725,0.012448810784098319,4.671170172793791,0.9113099789469837,0.04231365609448403,0.010409126277601018
Random Forest,0.5915109034267914,0.014950431324339934,0.25976476001451926,0.017107922411695262,0.2590556242483591,0.016822590858402563,0.2642888135088515,0.018410381661019215,0.7643888162969382,0.016173768907677667,29.944194971903926,12.860819563561801,0.2460968508152291,0.006736262759608305
Extra Trees,0.5908878504672896,0.012760602319529005,0.254489179028351,0.014917506859372685,0.25521651032977666,0.014549874809076565,0.2578682679039678,0.017285191396799793,0.6049320991565693,0.011540387971935621,6.906998582009692,0.8564091588420876,0.2082995910081081,0.012961296009707165
Neural Network,0.5621495327102803,0.02345603386883217,0.28491341205900245,0.016664330495303026,0.27644653944906417,0.014011549335679172,0.3214070286932817,0.020032047720992936,0.8195170325873213,0.007545258890507659,29.55636167480261,6.598515904554362,0.004131498892093077,0.0002920218942028782
Support Vector Machine,0.5379283489096574,0.016087367706541036,0.3150205256034909,0.014724738962730395,0.3006000843788072,0.011473231626582538,0.41617033105350776,0.02493959585367252,0.7688531269614362,0.012498590211169072,49.042930648394396,17.014587691307437,1.8422102999000345,0.33955840701371603
Decision Tree,0.5181464174454828,0.01059018219526798,0.22428954609315377,0.015058826105014576,0.2213000748732754,0.0129388390584809,0.2333705635652093,0.01829704714669797,0.5642352338502306,0.009821852706278321,0.9272140339890029,0.7012104773847391,0.004013655998278409,0.0008415057926760961
K-Nearest Neighbors,0.49844236760124616,0.016108091440798108,0.2219393293554895,0.014855141916024163,0.22209446745025124,0.01245424343773312,0.23508811852051698,0.01986888886344485,0.5888420456596538,0.011390060609297262,0.1776139715046156,0.5002034508652801,0.3147502615058329,0.10705143039246824
AdaBoost,0.43582554517133953,0.017469726762953507,0.27590724635732145,0.0082514987514207,0.2753252995351607,0.00732697116624127,0.4261067814466969,0.020680260584152732,0.7775211747819044,0.011884385711682991,26.720121667394416,4.131220582287139,0.07714256269391626,0.0025485353027197145
Logistic Regression,0.34478193146417446,0.014445121903468708,0.23121162773673265,0.012490216924649857,0.24564647712579513,0.008169172137380056,0.40205426201253325,0.03370138877039291,0.7453606796080612,0.0106763130759808,2.547892667801352,0.5448457834684244,0.0031702715903520586,0.0004343619644833171
Naive Bayes,0.33816199376947037,0.014839804010285972,0.20558801823595285,0.010386495294822428,0.21897465046734607,0.006571460281773832,0.34252314796999345,0.022765371357954853,0.717354313469584,0.008935858358787107,0.023396633594529703,0.010162454329356125,0.005881084402790293,0.0017595497265660755
