Feature,Random Forest,Extra Trees,LightGBM,Mean Importance
END_B,0.08293903874870284,0.06901135510959382,0.07314806656930732,0.07503282014253466
AM_A,0.05655335476196805,0.060554474991518614,0.06337013594597536,0.06015932189982067
END_A,0.05667305979013704,0.0463483824497523,0.05319570130798092,0.05207238118262342
MPR_A,0.04653836605343569,0.05346885692766057,0.05429966054630742,0.05143562784246789
ARR_B,0.06652529133306608,0.04324082419672674,0.039793805822308875,0.049853307117367233
VR_B,0.0412055898108504,0.03710295842534365,0.05989280683764857,0.046067118357947544
IE_B,0.04637920379369051,0.05006685907166575,0.03713491498396642,0.04452699261644089
BP_A,0.039459511140969225,0.04348455894079671,0.04468252621211597,0.0425421987646273
D_A,0.04545686737284077,0.03934920470162606,0.03884494794348563,0.04121700667265082
t,0.0368300484592407,0.03893053135888071,0.04296073580816164,0.03957377187542768
ARR_A,0.04447053783817627,0.046951553142239526,0.024270106333719937,0.038564065771378574
BL_BX,0.03678339148894681,0.0264601315666588,0.04990029146190909,0.03771460483917157
IE_A,0.04015635183870265,0.03721143301011538,0.02369695454183189,0.033688246463549974
BP_B,0.03141375323963788,0.033062886328813774,0.03509869195906796,0.03319177717583987
OF,0.03523764644969134,0.039168208808769936,0.023099885913736247,0.032501913724065835
D_B,0.029981084289596973,0.030471607656042458,0.03362684279269742,0.031359844912778954
MPR_B,0.029019417971095134,0.03403718619919607,0.029609520783320097,0.03088870831787044
r_A12,0.03074170622369562,0.035652567593428205,0.02301449818886733,0.029802924001997053
VR_A,0.02995634576505474,0.033002440520089556,0.02390220577570295,0.028953664020282415
VLC_A,0.018891275576213992,0.03193133440169005,0.03499917595130757,0.02860726197640387
TC_B,0.02081537299269434,0.024199670828901038,0.038793319963918334,0.027936121261837903
TC_A,0.021471487327080433,0.022131710701309065,0.036475219170501165,0.026692805732963554
ENR,0.026302395599624297,0.027328587258420953,0.026180139214295683,0.02660370735744698
BL_AX,0.02657265378652777,0.017983574221286724,0.03127244730555941,0.02527622510445797
AM_B,0.02248538635812155,0.034109885570677095,0.018678946632318692,0.025091406187039113
BL_AB,0.025284829349330868,0.02121478332914997,0.02649046091502026,0.024330024531167033
VLC_B,0.011856032640907885,0.02352443268964638,0.013567991118968016,0.016316152149840762
